"","File_Names","Tile_Numbers"
"1","m1_bcm_n1",812
"2","m1_bsl_n1",812
"3","m1_bsl_n2",870
"4","m1_bsl_n3",870
"5","m1_bsl_s1",812
"6","m1_bsl_s2",841
"7","m1_bsl_s3",756
"8","m1_bsl_s3_single particles",0
"9","simple64.exe",0
"10","UserDefault.usd",0
"11","m10_451_s2",702
"12","m10_5101_n",702
"13","m10_5101_n_incomplete",540
"14","m10_5102_n",756
"15","m10_552_n",756
"16","m10_561_n",729
"17","m10_562_n",702
"18","m10_571_n",675
"19","m10_581_n",702
"20","m10_582_n",702
"21","m10_591_n",676
"22","m10_592_n",676
"23","m10_bcm_n",650
"24","m10_rs5_n",600
"25","m10_st_n",625
"26","m11_451_r",702
"27","m11_451_s2",756
"28","m11_611_n",729
"29","m11_612_n",702
"30","m11_621_n",676
"31","m11_622_n",675
"32","m11_631_n",676
"33","m11_632_n",702
"34","m11_641_n",702
"35","m11_651_n",702
"36","m11_652_n",676
"37","m11_661_n",676
"38","m11_bcm_n",729
"39","m11_rs6_n",756
"40","m11_st_n",729
"41","m12_6102_n",729
"42","m12_6112_n",729
"43","m12_662_n",702
"44","m12_671_n",784
"45","m12_672_n",702
"46","m12_681_n",756
"47","m12_682_n",756
"48","m12_691_n",784
"49","m12_692_n",729
"50","m12_711_n",756
"51","m12_711_r",756
"52","m12_711_s2",756
"53","m12_bcm_n",702
"54","m12_st_n",756
"55","m13_711_r",702
"56","m13_711_s2",676
"57","m13_712_n",729
"58","m13_721_n",702
"59","m13_722_n",702
"60","m13_731_n",729
"61","m13_732_n",702
"62","m13_741_n",676
"63","m13_751_n",702
"64","m13_752_n",728
"65","m13_761_n",702
"66","m13_761_n_ir2",756
"67","m13_762_n",702
"68","m13_bcm_n",650
"69","m13_rs7_n",675
"70","m13_st_n",702
"71","m14_7101_n",754
"72","m14_7102_n",675
"73","m14_711_r",552
"74","m14_711_s2",756
"75","m14_781_n",728
"76","m14_782_n",676
"77","m14_791_n",754
"78","m14_792_n",552
"79","m14_811_n",672
"80","m14_812_n",729
"81","m14_821_n",729
"82","m14_822_n",729
"83","m14_bcm_n",625
"84","m14_st_n",702
"85","m15_711_r",729
"86","m15_711_s2",784
"87","m15_831_n",729
"88","m15_832_n",729
"89","m15_841_n",729
"90","m15_842_n",729
"91","m15_851_n",756
"92","m15_852_n",729
"93","m15_861_n",729
"94","m15_862_n",729
"95","m15_871_n",729
"96","m15_871_n_ir2",756
"97","m15_872_n",676
"98","m15_881_n",702
"99","m15_bcm_n",729
"100","m15_rs8_n",729
"101","m15_st_n",729
"102","m16_711_r",729
"103","m16_711_s2",756
"104","m16_8101_n",756
"105","m16_8102_n",812
"106","m16_882_n",729
"107","m16_891_n",729
"108","m16_891_n_ir2",729
"109","m16_892_n",702
"110","m16_921_n",650
"111","m16_922_n",729
"112","m16_931_n",702
"113","m16_932_n",728
"114","m16_941_n",756
"115","m16_bcm_n",552
"116","m16_st_n",729
"117","m17_942_n",870
"118","m17_942_n_ir2",729
"119","m17_951_n",729
"120","m17_952_n",756
"121","m17_961_n",702
"122","m17_961_n_ir2",729
"123","m17_962_n",784
"124","m17_971_n",729
"125","m17_972_n",784
"126","m17_981_n",702
"127","m17_982_n",702
"128","m17_991_n",728
"129","m17_992_n",756
"130","m17_992_r",676
"131","m17_992_s2",729
"132","m17_bcm_n",676
"133","m17_rs9_n",756
"134","m17_st_n",729
"135","m18_1011_n",729
"136","m18_1012_n",702
"137","m18_1021_n",729
"138","m18_1022_n",676
"139","m18_1031_n",729
"140","m18_1032_n",729
"141","m18_1041_n",702
"142","m18_1042_n",702
"143","m18_9101_n",702
"144","m18_9102_n",729
"145","m18_9111_n",729
"146","m18_9112_n",729
"147","m18_992_r",729
"148","m18_bcm_n",625
"149","m18_st_n",702
"150","m19_10101_n",675
"151","m19_1051_n",729
"152","m19_1052_n",702
"153","m19_1061_n",729
"154","m19_1062_n",702
"155","m19_1071_n",729
"156","m19_1072_n_ir2",784
"157","m19_1081_n",729
"158","m19_1082_n",702
"159","m19_1091_n",702
"160","m19_1092_n",676
"161","m19_992_r",841
"162","m19_992_s2",756
"163","m19_bcm_n",528
"164","m19_st_n",702
"165","2x_m2_161_r",2
"166","2x_m2_161_r2",2
"167","m2_1_n_RS1",900
"168","m2_111_n",812
"169","m2_112_n",841
"170","m2_121_n",900
"171","m2_121_n2",841
"172","m2_122_n",870
"173","m2_131_n",900
"174","m2_132_n",841
"175","m2_141_n",870
"176","m2_142_n",900
"177","m2_151_n",841
"178","m2_152_n",841
"179","m2_161_n",585
"180","m2_161_n_ir2",702
"181","m2_161_r",0
"182","m2_161_r2",812
"183","m2_161_s",812
"184","m2_bcm_n",812
"185","m2_pfsr_n",900
"186","method_2022.12.20.txt",0
"187","method_2023.01.05.txt",0
"188","m20_10102_n",729
"189","m20_1111_n",729
"190","m20_1112_n",729
"191","m20_1121_n",729
"192","m20_1122_n",702
"193","m20_1132_n",702
"194","m20_1141_n",729
"195","m20_1141_n_ir2",729
"196","m20_1142_n",729
"197","m20_1151_n",729
"198","m20_1152_n",729
"199","m20_992_s2",729
"200","m20_st_n",676
"201","m21_11111_n",729
"202","m21_11112_n",729
"203","m21_1161_n",729
"204","m21_1162_n",784
"205","m21_1171_n",729
"206","m21_1172_n",702
"207","m21_1181_n",729
"208","m21_1182_n",729
"209","m21_1191_n",756
"210","m21_1192_n",729
"211","m21_992_r",702
"212","m21_992_s2",756
"213","m21_bcm_n",676
"214","m21_st_n",729
"215","m22_2121_n",676
"216","m22_2122_n",676
"217","m22_2123_n",729
"218","m22_2124_n",702
"219","m22_4122_n",702
"220","m22_451_r",756
"221","m22_451_s2",756
"222","m22_462_n",756
"223","m22_521_n",676
"224","m22_542_n",702
"225","m22_572_n",728
"226","m22_6101_n",729
"227","m22_6111_n",729
"228","m22_742_n",729
"229","m22_bcm_n",625
"230","m22_st_n",729
"231","m23_1131_n",756
"232","m23_451_s2",784
"233","m23_642_n",729
"234","m23_992_r",729
"235","m23_bcm_n",729
"236","m23_rs11_n",729
"237","m23_st_n",702
"238","m24_451_r",756
"239","m24_451_r_ir2",729
"240","m24_451_s2",729
"241","m24_831_n",729
"242","m24_831_n_ir2",702
"243","m24_851_n",729
"244","m24_852_n",728
"245","m24_861_n",756
"246","m24_862_n",729
"247","m24_871_n",702
"248","m24_872_n",702
"249","m24_881_n",756
"250","m24_bcm_n",650
"251","m24_rs8_n",729
"252","m24_st_n",702
"253","m25_771_n",702
"254","m25_771_n_ir2",676
"255","m25_772_n",676
"256","m25_992_r",729
"257","m25_992_s2",676
"258","m25_bcm_n",624
"259","m25_st_n",702
"260","m26_341_n",729
"261","m26_362_n",729
"262","m26_372_n",784
"263","m26_381_n",729
"264","m26_391_n",676
"265","m26_451_s",756
"266","m26_451_s2",756
"267","m26_992_r",702
"268","m26_bcm_n",676
"269","m26_rs3_n",676
"270","m26_st_n",702
"271","m27_11101_n_f1",676
"272","m27_11101_n_f2",676
"273","m27_11101_n_f3",729
"274","m27_11101_n_f4",729
"275","m27_11101_n_f5",702
"276","m27_11101_n_f6",728
"277","m27_11102_n_f1",650
"278","m27_11102_n_f2",729
"279","m27_11102_n_f3",729
"280","m27_11102_n_f3_ir2",729
"281","m27_11102_n_f4",729
"282","m28_281_n",702
"283","m28_282_n",702
"284","m28_361_n",702
"285","m28_551_n",729
"286","m28_611_n",702
"287","m28_711_s2",756
"288","m28_711_s2_ir2",756
"289","m28_812_n",756
"290","m28_832_n",729
"291","m28_942_n",702
"292","m28_bcm_n",624
"293","m3_1101_n",812
"294","m3_1102_n",841
"295","m3_161_r",841
"296","m3_161_s",870
"297","m3_162_n",841
"298","m3_171_n",841
"299","m3_172_n",841
"300","m3_181_n",841
"301","m3_182_n",841
"302","m3_191_n",841
"303","m3_192_n",841
"304","m3_211_n",812
"305","m3_212_n",841
"306","m3_212_n_7x8",56
"307","m3_bcm_n",841
"308","m3_pfsr_n",812
"309","m4_161_r",841
"310","m4_161_s",841
"311","m4_231_n",812
"312","m4_232_n",812
"313","m4_251_n",841
"314","m4_252_n",812
"315","m4_261_n",841
"316","m4_262_n",960
"317","m4_271_n",841
"318","m4_272_n",841
"319","m4_bcm_n",841
"320","m4_bcm_n_6x6",6
"321","m4_RS2_n",841
"322","m4_st_n",812
"323","m5_161_r",870
"324","m5_161_r_2x2",0
"325","m5_161_s",930
"326","m5_2111_n",841
"327","m5_2111_n_ir2",841
"328","m5_2112_n",841
"329","m5_291_n",841
"330","m5_292_n",702
"331","m5_311_n",0
"332","m5_311_n_ir2",812
"333","m5_312_n",900
"334","m5_312_n_ir2",870
"335","m5_321_n",870
"336","m5_322_n",841
"337","m5_331_n",900
"338","m5_332_n",900
"339","m5_bcm_n",870
"340","m5_css3_rs_n",841
"341","m5_st_n",841
"342","m6_161_r",784
"343","m6_161_s",784
"344","m6_342_n",812
"345","m6_351_n",784
"346","m6_352_n",784
"347","m6_361_n",930
"348","m6_371_n",756
"349","m6_382_n",702
"350","m6_392_n",702
"351","m6_bcm_n",841
"352","m6_st_n",784
"353","m6_st_n_ir2",784
"354","m7a_3101_n",729
"355","m7a_3102_n",812
"356","m7a_411_n",900
"357","m7a_412_n",729
"358","m7a_421_n",702
"359","m7a_422_n",729
"360","m7a_422_n_ir2",702
"361","m7b_431_n",729
"362","m7b_432_n",756
"363","m7b_441_n",784
"364","m7b_442_n",702
"365","m7b_451_n",676
"366","m7b_451_r",870
"367","m7b_bcm_n",812
"368","m7b_st_n",729
"369","m8_4101_n",702
"370","m8_4102_n",676
"371","m8_4111_n",702
"372","m8_451_r_ir2",841
"373","m8_451_s",754
"374","m8_452_n",784
"375","m8_452_n_ir2",728
"376","m8_461_n",650
"377","m8_471_n",702
"378","m8_471_n_ir2",676
"379","m8_472_n",783
"380","m8_481_n",756
"381","m8_482_n",676
"382","m8_491_n",756
"383","m8_492_n",676
"384","m8_bcm_n",600
"385","m8_st_n",756
"386","m9_4112_n",728
"387","m9_4121_n",702
"388","m9_451_r",702
"389","m9_451_s",728
"390","m9_511_n",784
"391","m9_512_n",729
"392","m9_522_n",650
"393","m9_531_n",702
"394","m9_532_n",675
"395","m9_541_n",702
"396","m9_551_n",676
"397","m9_bcm_n",576
"398","m9_st_n",702
