"","File_names","Tile_Numbers"
"1","m1_bcm_n1",812
"2","m1_bsl_n1",812
"3","m1_bsl_n2",870
"4","m1_bsl_n3",870
"5","m1_bsl_s1",812
"6","m1_bsl_s2",841
"7","m1_bsl_s3",756
"8","m1_bsl_s3_single particles",0
"9","simple64.exe",0
"10","UserDefault.usd",0
"11","m10_451_s2",702
"12","m10_5101_n",702
"13","m10_5101_n_incomplete",540
"14","m10_5102_n",756
"15","m10_552_n",756
"16","m10_561_n",729
"17","m10_562_n",702
"18","m10_571_n",675
"19","m10_581_n",702
"20","m10_582_n",702
"21","m10_591_n",676
"22","m10_592_n",676
"23","m10_bcm_n",650
"24","m10_rs5_n",600
"25","m10_st_n",625
"26","m11_451_r",702
"27","m11_451_s2",756
"28","m11_611_n",729
"29","m11_612_n",702
"30","m11_621_n",676
"31","m11_622_n",675
"32","m11_631_n",676
"33","m11_632_n",702
"34","m11_641_n",702
"35","m11_651_n",702
"36","m11_652_n",676
"37","m11_661_n",676
"38","m11_bcm_n",729
"39","m11_rs6_n",756
"40","m11_st_n",729
"41","m12_6102_n",729
"42","m12_6112_n",729
"43","m12_662_n",702
"44","m12_671_n",784
"45","m12_672_n",702
"46","m12_681_n",756
"47","m12_682_n",756
"48","m12_691_n",784
"49","m12_692_n",729
"50","m12_711_n",756
"51","m12_711_r",756
"52","m12_711_s2",756
"53","m12_bcm_n",702
"54","m12_st_n",756
"55","m13_711_r",702
"56","m13_711_s2",676
"57","m13_712_n",729
"58","m13_721_n",702
"59","m13_722_n",702
"60","m13_731_n",729
"61","m13_732_n",702
"62","m13_741_n",676
"63","m13_751_n",702
"64","m13_752_n",728
"65","m13_761_n_ir2",756
"66","m13_762_n",702
"67","m13_bcm_n",650
"68","m13_rs7_n",675
"69","m13_st_n",702
"70","m14_7101_n",754
"71","m14_7102_n",675
"72","m14_711_r",552
"73","m14_711_s2",756
"74","m14_781_n",728
"75","m14_782_n",676
"76","m14_791_n",754
"77","m14_792_n",552
"78","m14_811_n",672
"79","m14_812_n",729
"80","m14_821_n",729
"81","m14_822_n",729
"82","m14_bcm_n",625
"83","m14_st_n",702
"84","m15_711_r",729
"85","m15_711_s2",784
"86","m15_831_n",729
"87","m15_832_n",729
"88","m15_841_n",729
"89","m15_842_n",729
"90","m15_851_n",756
"91","m15_852_n",729
"92","m15_861_n",729
"93","m15_862_n",729
"94","m15_871_n",729
"95","m15_871_n_ir2",756
"96","m15_872_n",676
"97","m15_881_n",702
"98","m15_bcm_n",729
"99","m15_rs8_n",729
"100","m15_st_n",729
"101","m16_711_r",729
"102","m16_711_s2",756
"103","m16_8101_n",756
"104","m16_8102_n",812
"105","m16_882_n",729
"106","m16_891_n_ir2",729
"107","m16_892_n",702
"108","m16_921_n",650
"109","m16_922_n",729
"110","m16_931_n",702
"111","m16_932_n",728
"112","m16_941_n",756
"113","m16_bcm_n",552
"114","m16_st_n",729
"115","m17_942_n_ir2",729
"116","m17_951_n",729
"117","m17_952_n",756
"118","m17_961_n",702
"119","m17_961_n_ir2",729
"120","m17_962_n",784
"121","m17_971_n",729
"122","m17_972_n",784
"123","m17_981_n",702
"124","m17_982_n",702
"125","m17_991_n",728
"126","m17_992_n",756
"127","m17_992_r",676
"128","m17_992_s2",729
"129","m17_bcm_n",676
"130","m17_rs9_n",756
"131","m17_st_n",729
"132","m18_1011_n",729
"133","m18_1012_n",702
"134","m18_1021_n",729
"135","m18_1022_n",676
"136","m18_1031_n",729
"137","m18_1032_n",729
"138","m18_1041_n",702
"139","m18_1042_n",702
"140","m18_9101_n",702
"141","m18_9102_n",729
"142","m18_9111_n",729
"143","m18_9112_n",729
"144","m18_992_r",729
"145","m18_bcm_n",625
"146","m18_st_n",702
"147","m19_10101_n",675
"148","m19_1051_n",729
"149","m19_1052_n",702
"150","m19_1061_n",729
"151","m19_1062_n",702
"152","m19_1071_n",729
"153","m19_1072_n_ir2",784
"154","m19_1081_n",729
"155","m19_1082_n",702
"156","m19_1091_n",702
"157","m19_1092_n",676
"158","m19_992_r",841
"159","m19_992_s2",756
"160","m19_bcm_n",528
"161","m19_st_n",702
"162","2x_m2_161_r",2
"163","2x_m2_161_r2",2
"164","m2_1_n_RS1",900
"165","m2_111_n",812
"166","m2_112_n",841
"167","m2_121_n",900
"168","m2_121_n2",841
"169","m2_122_n",870
"170","m2_131_n",900
"171","m2_132_n",841
"172","m2_141_n",870
"173","m2_142_n",900
"174","m2_151_n",841
"175","m2_152_n",841
"176","m2_161_n",585
"177","m2_161_n_ir2",702
"178","m2_161_r",0
"179","m2_161_r2",812
"180","m2_161_s",812
"181","m2_bcm_n",812
"182","m2_pfsr_n",900
"183","method_2022.12.20.txt",0
"184","method_2023.01.05.txt",0
"185","m20_10102_n",729
"186","m20_1111_n",729
"187","m20_1112_n",729
"188","m20_1121_n",729
"189","m20_1122_n",702
"190","m20_1132_n",702
"191","m20_1141_n",729
"192","m20_1141_n_ir2",729
"193","m20_1142_n",729
"194","m20_1151_n",729
"195","m20_1152_n",729
"196","m20_992_s2",729
"197","m20_st_n",676
"198","m21_11111_n",729
"199","m21_11112_n",729
"200","m21_1161_n",729
"201","m21_1162_n",784
"202","m21_1171_n",729
"203","m21_1172_n",702
"204","m21_1181_n",729
"205","m21_1182_n",729
"206","m21_1191_n",756
"207","m21_1192_n",729
"208","m21_992_r",702
"209","m21_992_s2",756
"210","m21_bcm_n",676
"211","m21_st_n",729
"212","m22_2121_n",676
"213","m22_2122_n",676
"214","m22_2123_n",729
"215","m22_2124_n",702
"216","m22_4122_n",702
"217","m22_451_r",756
"218","m22_451_s2",756
"219","m22_462_n",756
"220","m22_521_n",676
"221","m22_542_n",702
"222","m22_572_n",728
"223","m22_6101_n",729
"224","m22_6111_n",729
"225","m22_742_n",729
"226","m22_bcm_n",625
"227","m22_st_n",729
"228","m23_1131_n",756
"229","m23_451_s2",784
"230","m23_642_n",729
"231","m23_992_r",729
"232","m23_bcm_n",729
"233","m23_rs11_n",729
"234","m23_st_n",702
"235","m24_451_r",756
"236","m24_451_r_ir2",729
"237","m24_451_s2",729
"238","m24_831_n",729
"239","m24_831_n_ir2",702
"240","m24_851_n",729
"241","m24_852_n",728
"242","m24_861_n",756
"243","m24_862_n",729
"244","m24_871_n",702
"245","m24_872_n",702
"246","m24_881_n",756
"247","m24_bcm_n",650
"248","m24_rs8_n",729
"249","m24_st_n",702
"250","m25_771_n",702
"251","m25_771_n_ir2",676
"252","m25_772_n",676
"253","m25_992_r",729
"254","m25_992_s2",676
"255","m25_bcm_n",624
"256","m25_st_n",702
"257","m26_341_n",729
"258","m26_362_n",729
"259","m26_372_n",784
"260","m26_381_n",729
"261","m26_391_n",676
"262","m26_451_s",756
"263","m26_451_s2",756
"264","m26_992_r",702
"265","m26_bcm_n",676
"266","m26_rs3_n",676
"267","m26_st_n",702
"268","m27_11101_n_f1",676
"269","m27_11101_n_f2",676
"270","m27_11101_n_f3",729
"271","m27_11101_n_f4",729
"272","m27_11101_n_f5",702
"273","m27_11101_n_f6",728
"274","m27_11102_n_f1",650
"275","m27_11102_n_f2",729
"276","m27_11102_n_f3",729
"277","m27_11102_n_f3_ir2",729
"278","m27_11102_n_f4",729
"279","m28_281_n",702
"280","m28_282_n",702
"281","m28_361_n",702
"282","m28_551_n",729
"283","m28_611_n",702
"284","m28_711_s2",756
"285","m28_711_s2_ir2",756
"286","m28_812_n",756
"287","m28_832_n",729
"288","m28_942_n",702
"289","m28_bcm_n",624
"290","m29_4112_n",729
"291","m29_4121_n",756
"292","m29_511_n",756
"293","m29_512_n",728
"294","m29_522_n",729
"295","m29_531_n",783
"296","m29_532_n",756
"297","m29_541_n",729
"298","m29_551_n",702
"299","m29_551_n44",4
"300","m29_bcm_n",676
"301","m29_bcm_n_ir2",576
"302","m29_st_n",728
"303","m3_1101_n",812
"304","m3_1102_n",841
"305","m3_161_r",841
"306","m3_161_s",870
"307","m3_162_n",841
"308","m3_171_n",841
"309","m3_172_n",841
"310","m3_181_n",841
"311","m3_182_n",841
"312","m3_191_n",841
"313","m3_192_n",841
"314","m3_211_n",812
"315","m3_212_n",841
"316","m3_212_n_7x8",56
"317","m3_bcm_n",841
"318","m3_pfsr_n",812
"319","m30_511_n",676
"320","m30_512_n",676
"321","m30_532_n",702
"322","m30_551_n",676
"323","m30_582_n",676
"324","m30_782_n",729
"325","m30_861_n",729
"326","m30_881_n",729
"327","m30_881_n_ir2",729
"328","m30_992_s2",728
"329","m30_bcm_n",600
"330","m30_st_n",625
"331","m4_161_r",841
"332","m4_161_s",841
"333","m4_231_n",812
"334","m4_232_n",812
"335","m4_251_n",841
"336","m4_252_n",812
"337","m4_261_n",841
"338","m4_262_n",960
"339","m4_271_n",841
"340","m4_272_n",841
"341","m4_bcm_n",841
"342","m4_bcm_n_6x6",6
"343","m4_RS2_n",841
"344","m4_st_n",812
"345","m5_161_r",870
"346","m5_161_r_2x2",0
"347","m5_161_s",930
"348","m5_2111_n",841
"349","m5_2111_n_ir2",841
"350","m5_2112_n",841
"351","m5_291_n",841
"352","m5_292_n",702
"353","m5_311_n",0
"354","m5_311_n_ir2",812
"355","m5_312_n",900
"356","m5_312_n_ir2",870
"357","m5_321_n",870
"358","m5_322_n",841
"359","m5_331_n",900
"360","m5_332_n",900
"361","m5_bcm_n",870
"362","m5_css3_rs_n",841
"363","m5_st_n",841
"364","m6_161_r",784
"365","m6_161_s",784
"366","m6_342_n",812
"367","m6_351_n",784
"368","m6_352_n",784
"369","m6_361_n",930
"370","m6_371_n",756
"371","m6_382_n",702
"372","m6_392_n",702
"373","m6_bcm_n",841
"374","m6_st_n",784
"375","m6_st_n_ir2",784
"376","m7a_3101_n",729
"377","m7a_3102_n",812
"378","m7a_411_n",900
"379","m7a_412_n",729
"380","m7a_421_n",702
"381","m7a_422_n",729
"382","m7a_422_n_ir2",702
"383","m7b_431_n",729
"384","m7b_432_n",756
"385","m7b_441_n",784
"386","m7b_442_n",702
"387","m7b_451_n",676
"388","m7b_451_r",870
"389","m7b_bcm_n",812
"390","m7b_st_n",729
"391","m8_4101_n",702
"392","m8_4102_n",676
"393","m8_4111_n",702
"394","m8_451_r_ir2",841
"395","m8_451_s",754
"396","m8_452_n",784
"397","m8_452_n_ir2",728
"398","m8_461_n",650
"399","m8_471_n",702
"400","m8_471_n_ir2",676
"401","m8_472_n",783
"402","m8_481_n",756
"403","m8_482_n",676
"404","m8_491_n",756
"405","m8_492_n",676
"406","m8_bcm_n",600
"407","m8_st_n",756
"408","m9_4112_n",728
"409","m9_4121_n",702
"410","m9_451_r",702
"411","m9_451_s",728
"412","m9_511_n",784
"413","m9_512_n",729
"414","m9_522_n",650
"415","m9_531_n",702
"416","m9_532_n",675
"417","m9_541_n",702
"418","m9_551_n",676
"419","m9_bcm_n",576
"420","m9_st_n",702
